{"data": [0.23660983366054442, 0.14021052483522436, 0.21384222645888015, 0.1420040912092349, 0.2792870102489092, 0.2792870102489092, 0.11581766034379055, 0.19339417429106254, 0.16793585879576747, 0.23660983366054442, 0.07830351366274166, 0.19676602593066822, 0.2792870102489092, 0.17726247795609193, 0.2047682108044814, 0.1510096206981938, 0.24706999228970322, 0.1482619921098846, 0.11111223426572188, 0.14337290234962774, 0.13989468861331852, 0.16068022228488146, 0.21697285267646338, 0.23660983366054442, 0.07794400572508509, 0.2792870102489092], "indices": [3932, 7817, 10508, 14616, 19600, 20994, 27818, 27839, 29338, 30616, 33300, 36424, 36635, 38174, 41088, 42481, 44195, 44795, 50415, 54416, 58378, 61781, 65192, 71001, 71767, 72384], "indptr": [0, 26], "shape": [1, 75840]}