{"data": [0.07830351366274166, 0.11581766034379055, 0.1482619921098846, 0.14021052483522436, 0.16068022228488146, 0.11111223426572188, 0.1420040912092349, 0.13989468861331852, 0.2047682108044814, 0.19339417429106254, 0.14337290234962774, 0.1510096206981938, 0.17726247795609193, 0.19676602593066822, 0.21697285267646338, 0.21384222645888015, 0.23660983366054442, 0.24706999228970322, 0.07794400572508509, 0.16793585879576747, 0.23660983366054442, 0.2792870102489092, 0.2792870102489092, 0.2792870102489092, 0.2792870102489092, 0.23660983366054442], "indices": [33300, 27818, 44795, 7817, 61781, 50415, 14616, 58378, 41088, 27839, 54416, 42481, 38174, 36424, 65192, 10508, 3932, 44195, 71767, 29338, 30616, 36635, 19600, 20994, 72384, 71001], "indptr": [0, 26], "shape": [1, 75840]}